sample,thickness_mm,events,G_per_neutron,G_ci95_low,G_ci95_high,collection,collection_ci95_low,collection_ci95_high,local_D_per_neutron,local_D_ci95_low,local_D_ci95_high
July zero-gap,4,600,48756.455,44373.6535,53430.82191666667,0.019166009232350192,0.019004155473491265,0.019329465590988738,934.4666666666667,850.5636666666667,1022.5624166666666
Current 0.5-mm gap,4,1000,50169.67,46773.55075,53687.67615,0.019252488605167227,0.01910465056526214,0.019426415745154177,965.891,900.625725,1032.505225
July zero-gap,8,400,94150.195,85973.9499375,102833.3463125,0.01470867904203491,0.01464303595234368,0.0147749654645792,1384.825,1263.99775,1512.3038125
Current 0.5-mm gap,8,1000,89612.958,83779.44732499999,95484.131725,0.014802926157174726,0.01473309820865359,0.014885862212651434,1326.534,1239.7116,1413.79765
July zero-gap,12,600,126405.65166666667,116378.798625,136831.63654166667,0.012326439887161691,0.012278667276848712,0.012375942732982061,1558.1316666666667,1434.997,1685.4995416666666
Current 0.5-mm gap,12,1000,127947.03,120381.038875,135756.18525,0.012355941361046051,0.012318934687411099,0.01239656899102691,1580.906,1486.817875,1678.018825
July zero-gap,16,400,182182.1175,164667.954,201020.5745625,0.01073657791907046,0.01065879514146159,0.010832519312931433,1956.0125,1769.1819375,2157.4378125
Current 0.5-mm gap,16,1000,154261.956,144763.126925,164042.95919999998,0.01067834249424401,0.010647621706781159,0.010712101825155055,1647.262,1546.2275,1751.1725999999999
July zero-gap,20,600,180169.93166666667,165836.04758333333,194529.29283333334,0.009502667754614882,0.009440841600229493,0.009596835172328861,1712.095,1577.2267083333331,1848.96775
Current 0.5-mm gap,20,1000,193469.501,181714.232075,205308.50499999998,0.009499445599955313,0.00945878102436764,0.009549246832380225,1837.853,1725.872825,1951.199225
July zero-gap,24,400,218547.1225,197331.216125,240485.80762500002,0.008505648478625016,0.00846762003510789,0.008556883621067738,1858.885,1678.2214374999999,2044.2589374999998
Current 0.5-mm gap,24,1000,220668.985,208438.16802500002,232726.19574999998,0.008550612583820966,0.008519821600885184,0.008586800519296195,1886.855,1781.150375,1991.1576
