tile_thickness_mm,layout,block_id,events,mean_D
4,back-four,0,100,1204.22
4,back-four,1,100,1052.38
4,back-four,2,100,914.32
4,back-four,3,100,1115.66
4,back-four,4,100,1252.39
4,back-four,5,100,916.92
4,back-four,6,100,932.1
4,back-four,7,100,755.39
4,back-four,8,100,747.8
4,back-four,9,100,1088.17
4,back-two,0,100,537.21
4,back-two,1,100,401.18
4,back-two,2,100,407.57
4,back-two,3,100,449.79
4,back-two,4,100,571.95
4,back-two,5,100,609.44
4,back-two,6,100,441.52
4,back-two,7,100,561.72
4,back-two,8,100,564.13
4,back-two,9,100,427.97
4,back-center,0,100,816.45
4,back-center,1,100,390.06
4,back-center,2,100,836.27
4,back-center,3,100,631.27
4,back-center,4,100,478.38
4,back-center,5,100,526.81
4,back-center,6,100,827.19
4,back-center,7,100,781.21
4,back-center,8,100,847.93
4,back-center,9,100,898.7
4,edge-two,0,100,891.8
4,edge-two,1,100,915.99
4,edge-two,2,100,952.15
4,edge-two,3,100,980.97
4,edge-two,4,100,1149.46
4,edge-two,5,100,889.29
4,edge-two,6,100,914.09
4,edge-two,7,100,943.19
4,edge-two,8,100,1121.82
4,edge-two,9,100,900.15
8,back-four,0,100,1696.62
8,back-four,1,100,1693.14
8,back-four,2,100,1382.1
8,back-four,3,100,1600.04
8,back-four,4,100,1550.65
8,back-four,5,100,1740.38
8,back-four,6,100,1379.06
8,back-four,7,100,1444.66
8,back-four,8,100,2073.69
8,back-four,9,100,1583.0
8,back-two,0,100,785.71
8,back-two,1,100,745.72
8,back-two,2,100,809.49
8,back-two,3,100,1081.0
8,back-two,4,100,754.84
8,back-two,5,100,924.07
8,back-two,6,100,822.53
8,back-two,7,100,758.86
8,back-two,8,100,802.83
8,back-two,9,100,775.69
8,back-center,0,100,590.36
8,back-center,1,100,758.94
8,back-center,2,100,896.61
8,back-center,3,100,625.05
8,back-center,4,100,831.34
8,back-center,5,100,700.25
8,back-center,6,100,652.24
8,back-center,7,100,872.58
8,back-center,8,100,644.01
8,back-center,9,100,811.25
8,edge-two,0,100,1407.17
8,edge-two,1,100,1190.53
8,edge-two,2,100,1260.71
8,edge-two,3,100,1288.62
8,edge-two,4,100,1372.08
8,edge-two,5,100,1288.41
8,edge-two,6,100,1262.88
8,edge-two,7,100,1586.98
8,edge-two,8,100,1189.29
8,edge-two,9,100,1418.67
12,back-four,0,100,2110.16
12,back-four,1,100,1904.95
12,back-four,2,100,2097.36
12,back-four,3,100,2242.06
12,back-four,4,100,2346.44
12,back-four,5,100,2147.2
12,back-four,6,100,2234.63
12,back-four,7,100,2109.6
12,back-four,8,100,2268.25
12,back-four,9,100,2236.24
12,back-two,0,100,1021.76
12,back-two,1,100,1280.61
12,back-two,2,100,1141.74
12,back-two,3,100,1122.3
12,back-two,4,100,988.62
12,back-two,5,100,1164.2
12,back-two,6,100,1025.5
12,back-two,7,100,1001.23
12,back-two,8,100,1123.08
12,back-two,9,100,1060.77
12,back-center,0,100,967.52
12,back-center,1,100,857.72
12,back-center,2,100,688.88
12,back-center,3,100,888.97
12,back-center,4,100,709.86
12,back-center,5,100,817.72
12,back-center,6,100,769.17
12,back-center,7,100,723.92
12,back-center,8,100,774.41
12,back-center,9,100,790.93
12,edge-two,0,100,1498.29
12,edge-two,1,100,1620.97
12,edge-two,2,100,1398.23
12,edge-two,3,100,1427.07
12,edge-two,4,100,1523.09
12,edge-two,5,100,1712.42
12,edge-two,6,100,1590.64
12,edge-two,7,100,1689.61
12,edge-two,8,100,1728.27
12,edge-two,9,100,1620.47
16,back-four,0,100,2245.44
16,back-four,1,100,2656.03
16,back-four,2,100,1932.92
16,back-four,3,100,2482.35
16,back-four,4,100,2578.63
16,back-four,5,100,2186.11
16,back-four,6,100,2064.19
16,back-four,7,100,2653.26
16,back-four,8,100,2791.4
16,back-four,9,100,2431.63
16,back-two,0,100,1296.81
16,back-two,1,100,1220.33
16,back-two,2,100,1334.25
16,back-two,3,100,1145.26
16,back-two,4,100,1378.6
16,back-two,5,100,1238.53
16,back-two,6,100,1296.59
16,back-two,7,100,1216.27
16,back-two,8,100,1207.64
16,back-two,9,100,1357.5
16,back-center,0,100,708.23
16,back-center,1,100,1246.04
16,back-center,2,100,929.64
16,back-center,3,100,837.62
16,back-center,4,100,902.61
16,back-center,5,100,1064.8
16,back-center,6,100,1064.01
16,back-center,7,100,729.45
16,back-center,8,100,795.85
16,back-center,9,100,1036.45
16,edge-two,0,100,1792.35
16,edge-two,1,100,1529.65
16,edge-two,2,100,1678.07
16,edge-two,3,100,1664.67
16,edge-two,4,100,1530.72
16,edge-two,5,100,1751.77
16,edge-two,6,100,1678.21
16,edge-two,7,100,1546.26
16,edge-two,8,100,1616.23
16,edge-two,9,100,1684.69
20,back-four,0,100,2809.87
20,back-four,1,100,2670.61
20,back-four,2,100,2683.4
20,back-four,3,100,2600.56
20,back-four,4,100,2324.87
20,back-four,5,100,2735.21
20,back-four,6,100,2504.32
20,back-four,7,100,2563.58
20,back-four,8,100,2967.82
20,back-four,9,100,2627.93
20,back-two,0,100,1374.74
20,back-two,1,100,1409.97
20,back-two,2,100,1210.06
20,back-two,3,100,1299.24
20,back-two,4,100,1380.17
20,back-two,5,100,1545.53
20,back-two,6,100,1351.79
20,back-two,7,100,1301.99
20,back-two,8,100,1243.21
20,back-two,9,100,1211.89
20,back-center,0,100,1052.65
20,back-center,1,100,1019.68
20,back-center,2,100,1044.36
20,back-center,3,100,1079.92
20,back-center,4,100,927.42
20,back-center,5,100,668.09
20,back-center,6,100,976.88
20,back-center,7,100,1037.85
20,back-center,8,100,883.49
20,back-center,9,100,1104.36
20,edge-two,0,100,2073.82
20,edge-two,1,100,1680.12
20,edge-two,2,100,1802.75
20,edge-two,3,100,1840.16
20,edge-two,4,100,1890.35
20,edge-two,5,100,1751.05
20,edge-two,6,100,1813.22
20,edge-two,7,100,1834.01
20,edge-two,8,100,2048.0
20,edge-two,9,100,1645.05
24,back-four,0,100,2884.34
24,back-four,1,100,2777.14
24,back-four,2,100,2984.26
24,back-four,3,100,3060.38
24,back-four,4,100,2408.39
24,back-four,5,100,2872.02
24,back-four,6,100,2990.04
24,back-four,7,100,3191.72
24,back-four,8,100,3134.76
24,back-four,9,100,3136.12
24,back-two,0,100,1300.78
24,back-two,1,100,1632.64
24,back-two,2,100,1406.2
24,back-two,3,100,1252.16
24,back-two,4,100,1477.67
24,back-two,5,100,1458.45
24,back-two,6,100,1541.72
24,back-two,7,100,1815.43
24,back-two,8,100,1126.32
24,back-two,9,100,1383.7
24,back-center,0,100,861.47
24,back-center,1,100,867.49
24,back-center,2,100,846.74
24,back-center,3,100,920.38
24,back-center,4,100,1122.59
24,back-center,5,100,1044.22
24,back-center,6,100,852.73
24,back-center,7,100,1124.6
24,back-center,8,100,732.83
24,back-center,9,100,1020.81
24,edge-two,0,100,1899.25
24,edge-two,1,100,1776.77
24,edge-two,2,100,1837.36
24,edge-two,3,100,2169.51
24,edge-two,4,100,1922.52
24,edge-two,5,100,1641.97
24,edge-two,6,100,1918.01
24,edge-two,7,100,1814.81
24,edge-two,8,100,1834.07
24,edge-two,9,100,2054.28
