tile_thickness_mm,layout,events,nominal_total_collection_face_area_mm2,D,D_lower_95,D_upper_95,D_per_neutron_per_mm2,D_per_neutron_per_mm2_lower_95,D_per_neutron_per_mm2_upper_95,zero_D,zero_D_lower_95,zero_D_upper_95,median,p90,p99,maximum,sample_std,coefficient_of_variation,maximum_event_share,top_1_percent_event_share,zero_events
4,back-four,1000,230.39999999999998,997.935,914.6567,1089.126975,4.331315104166666,3.9698641493055558,4.727113606770834,0.089,0.072,0.107,658.5,2219.9000000000005,6440.729999999995,21173.0,1404.185802713994,1.4070914465511222,0.021216812718263214,0.10191745955397896,89
4,back-two,1000,115.19999999999999,497.248,459.53790000000004,538.8404,4.3163888888888895,3.989044270833334,4.677434027777778,0.088,0.071,0.106,327.5,1109.5,2788.6099999999997,8524.0,645.3870830617723,1.2979179062797082,0.0171423515026707,0.08859160821159663,88
4,back-center,1000,57.599999999999994,703.427,582.34285,849.2256249999998,12.212274305555557,10.110118923611111,14.743500434027776,0.095,0.077,0.114,247.5,1323.4,9768.979999999996,40787.0,2149.4441469393455,3.055674784930555,0.057983273317629265,0.2512371575159896,95
4,edge-two,1000,115.19999999999999,965.891,900.625725,1032.505225,8.38447048611111,7.817931640625001,8.962718967013892,0.079,0.063,0.097,680.5,2190.0,4197.819999999996,9196.0,1061.4734839250937,1.0989578367798165,0.009520743023798751,0.06720841171519354,79
8,back-four,1000,230.39999999999998,1614.334,1509.095175,1725.184725,7.0066579861111125,6.549892252604168,7.487780924479167,0.067,0.052,0.083,1164.5,3845.6000000000004,7974.639999999999,14783.0,1744.7004442264822,1.080755558779337,0.009157336709751513,0.062259730638145515,67
8,back-two,1000,115.19999999999999,826.074,773.123475,881.24235,7.17078125,6.711141276041667,7.649673177083334,0.064,0.049,0.08,611.0,1835.1,4125.219999999999,8220.0,878.2030523319337,1.063104579410481,0.00995068238438687,0.06405358357725821,64
8,back-center,1000,57.599999999999994,738.263,666.76885,818.2656499999999,12.817065972222224,11.575848090277779,14.206000868055556,0.078,0.062,0.095,423.5,1641.5,5750.879999999999,17310.0,1223.1838482246067,1.656840242873619,0.02344692880450463,0.12805057276336482,78
8,edge-two,1000,115.19999999999999,1326.534,1239.7116,1413.79765,11.515052083333336,10.761385416666668,12.27254904513889,0.068,0.053,0.084,961.0,3055.2000000000007,5947.66,10794.0,1404.752652554484,1.0589646798005057,0.008136994603983011,0.057482130122559996,68
12,back-four,1000,230.39999999999998,2169.689,2035.171325,2310.59845,9.41705295138889,8.833208875868056,10.02863910590278,0.06,0.046,0.075,1629.5,5081.700000000001,10584.31,15262.0,2249.669173827714,1.0368625060216992,0.007034187849041959,0.05631498339162894,60
12,back-two,1000,115.19999999999999,1092.981,1021.5676,1165.6244,9.487682291666667,8.867774305555557,10.11826736111111,0.066,0.051,0.082,815.5,2433.8,5158.0999999999985,11054.0,1176.0538768952554,1.0760057831702978,0.01011362503099322,0.06782734558057277,66
12,back-center,1000,57.599999999999994,798.91,737.63795,862.7415249999999,13.869965277777778,12.806214409722223,14.978151475694444,0.073,0.057,0.089,490.5,1875.2,4469.819999999998,11064.0,1022.6187936357795,1.2800175159101521,0.013848869084127123,0.0816938078131454,73
12,edge-two,1000,115.19999999999999,1580.906,1486.817875,1678.018825,13.723142361111112,12.906405164930556,14.566135633680558,0.067,0.052,0.083,1233.5,3627.3,6421.649999999996,10998.0,1524.3254748633303,0.9642100636365036,0.00695677035826292,0.05090498739330485,67
16,back-four,1000,230.39999999999998,2402.196,2250.388975,2552.4264749999998,10.426197916666668,9.767313259548612,11.078239908854167,0.073,0.057,0.09,1806.5,5556.2,10100.73,14960.0,2398.3172373885727,0.9983853263383058,0.0062276350472650855,0.05005045383474121,73
16,back-two,1000,115.19999999999999,1269.178,1191.7993,1349.33725,11.017170138888892,10.345480034722222,11.712996961805556,0.051,0.038,0.065,962.0,2907.2,5416.26,13047.0,1271.9991195264547,1.0022227926472524,0.010279881939333962,0.05751675493902353,51
16,back-center,1000,57.599999999999994,931.47,830.3854,1051.9246,16.171354166666667,14.416413194444447,18.262579861111114,0.059,0.045,0.074,531.5,2031.3000000000002,5512.139999999996,34696.0,1796.1417194019455,1.928287244250427,0.03724864998335964,0.1451898611871558,59
16,edge-two,1000,115.19999999999999,1647.262,1546.2275,1751.1725999999999,14.299149305555556,13.42211371527778,15.201151041666668,0.064,0.049,0.08,1223.5,3868.2000000000003,7152.299999999999,10236.0,1680.6896998622985,1.0202928859296811,0.006213947750873874,0.05267710904519136,64
20,back-four,1000,230.39999999999998,2648.817,2488.39435,2804.2639249999997,11.4966015625,10.80032269965278,12.171284396701388,0.052,0.038,0.066,2020.5,5940.5,11161.21,14056.0,2539.3409014397266,0.9586698142754772,0.0053065198539574455,0.04666800311233279,52
20,back-two,1000,115.19999999999999,1332.859,1250.155675,1417.074375,11.569956597222223,10.852045789930557,12.300992838541667,0.067,0.052,0.083,985.0,3136.5,6101.34,10237.0,1371.508009943923,1.0289970731667215,0.007680482331589463,0.054500888691151876,67
20,back-center,1000,57.599999999999994,979.47,885.720425,1083.86605,17.004687500000003,15.377090711805558,18.817118923611112,0.055,0.041,0.07,596.5,2118.1,6491.619999999999,21651.0,1599.600724423935,1.6331288599180525,0.02210481178596588,0.1313455235994977,55
20,edge-two,1000,115.19999999999999,1837.853,1725.872825,1951.199225,15.953585069444447,14.981534939236113,16.937493272569448,0.058,0.044,0.073,1349.5,4285.600000000002,7898.25,11492.0,1850.2987609831812,1.0067719023138308,0.006252948413175591,0.05115098976904029,58
24,back-four,1000,230.39999999999998,2943.917,2761.0532,3123.8723999999997,12.777417534722224,11.983737847222223,13.558473958333334,0.053,0.04,0.067,2281.5,7003.5,12923.399999999998,17787.0,2934.4765138813978,0.9967932227305993,0.006041950231613188,0.04958156089319094,53
24,back-two,1000,115.19999999999999,1439.507,1354.2697,1528.14305,12.495720486111113,11.755813368055557,13.265130642361111,0.043,0.031,0.056,1102.0,3207.4,5893.749999999999,9095.0,1390.1248019210059,0.96569506221297,0.00631813530604575,0.0499351514094756,43
24,back-center,1000,57.599999999999994,939.386,877.1519,1006.572075,16.308784722222224,15.228331597222224,17.475209635416668,0.055,0.041,0.07,678.0,2148.0,4646.0,11045.0,1044.0587357268973,1.1114267571870322,0.01175768001652143,0.06835635191497424,55
24,edge-two,1000,115.19999999999999,1886.855,1781.150375,1991.1576,16.37894965277778,15.461374782986114,17.284354166666667,0.051,0.038,0.065,1535.0,4266.1,6887.849999999999,11323.0,1722.860043853158,0.9130855544560436,0.006000991067146124,0.04641904120878393,51
