tile_thickness_mm,layout,reference,absolute_difference_D,absolute_difference_D_lower,absolute_difference_D_upper,absolute_difference_D_coverage,absolute_difference_D_descriptive_95,absolute_difference_D_descriptive_95_lower,absolute_difference_D_descriptive_95_upper,absolute_difference_D_descriptive_95_coverage,relative_difference_descriptive_95,relative_difference_descriptive_95_lower,relative_difference_descriptive_95_upper,relative_difference_descriptive_95_coverage
4,back-four,edge-two,32.04399999999998,-127.84250000000002,207.81332499999917,0.9972222222222222,32.04399999999998,-75.44027499999997,146.50309999999993,0.95,0.03317558606509419,-0.0751232576459241,0.15789913184878848,0.95
4,back-two,edge-two,-468.643,-581.55885,-357.15083750000053,0.9972222222222222,-468.643,-545.248425,-391.07457500000004,0.95,-0.4851924285452499,-0.5364532848050305,-0.42774346665962837,0.95
4,back-center,edge-two,-262.46399999999994,-464.18966250000005,-5.117200000000433,0.9972222222222222,-262.46399999999994,-403.01742500000006,-104.55580000000003,0.95,-0.2717325246844623,-0.40422975373016107,-0.11082385668130873,0.95
8,back-four,edge-two,287.79999999999995,79.53012500000001,500.67299999999705,0.9972222222222222,287.79999999999995,152.7104,426.0364999999998,0.95,0.21695636900373438,0.11114747475223337,0.33582263092136844,0.95
8,back-two,edge-two,-500.46000000000015,-656.0828124999999,-345.3495500000013,0.9972222222222222,-500.46000000000015,-602.5916500000001,-399.05632500000013,0.95,-0.3772688826671613,-0.4319470342017877,-0.31658347249311625,0.95
8,back-center,edge-two,-588.2710000000001,-761.545075,-410.4590250000006,0.9972222222222222,-588.2710000000001,-702.6383249999999,-469.92055000000005,0.95,-0.4434646982286169,-0.5057321905279087,-0.3701075413088099,0.95
12,back-four,edge-two,588.7829999999999,329.6040124999999,847.8117999999985,0.9972222222222222,588.7829999999999,422.0996249999999,758.5342250000001,0.95,0.37243390815140165,0.25593818602104773,0.4982858458536434,0.95
12,back-two,edge-two,-487.92499999999995,-670.0459375000002,-312.42468750000006,0.9972222222222222,-487.92499999999995,-609.84625,-371.86754999999994,0.95,-0.30863631360751365,-0.368836136151582,-0.24577383698555572,0.95
12,back-center,edge-two,-781.996,-954.6546125000001,-608.5672000000002,0.9972222222222222,-781.996,-896.7200750000001,-667.8621499999999,0.95,-0.4946505358319849,-0.5423475138538257,-0.44222340006955757,0.95
16,back-four,edge-two,754.934,485.88771250000025,1037.450587499997,0.9972222222222222,754.934,573.050925,935.54545,0.95,0.4582962515981064,0.33484379948543036,0.5917267237331949,0.95
16,back-two,edge-two,-378.08399999999983,-573.21955,-188.38020000000003,0.9972222222222222,-378.08399999999983,-504.4049749999998,-250.48242500000015,0.95,-0.22952268673714316,-0.2929386476308729,-0.15930197810503727,0.95
16,back-center,edge-two,-715.7919999999999,-933.8032625000001,-460.06547499999994,0.9972222222222222,-715.7919999999999,-861.9822,-558.5534749999998,0.95,-0.4345343970783032,-0.5049816625756742,-0.35036502323641555,0.95
20,back-four,edge-two,810.9639999999999,516.8909,1098.6373249999988,0.9972222222222222,810.9639999999999,613.7348999999999,1003.6562999999998,0.95,0.44125618316590054,0.32071250651628075,0.5716840957216377,0.95
20,back-two,edge-two,-504.99400000000014,-725.4240625,-292.20563750000014,0.9972222222222222,-504.99400000000014,-643.194375,-364.024575,0.95,-0.27477388017431215,-0.3359862968135898,-0.2077837945530171,0.95
20,back-center,edge-two,-858.383,-1087.326175,-627.4137500000002,0.9972222222222222,-858.383,-1010.3457999999999,-707.5505500000002,0.95,-0.46705748501104283,-0.5274365210165227,-0.3998005949294687,0.95
24,back-four,edge-two,1057.062,751.7046500000002,1385.9356124999968,0.9972222222222222,1057.062,851.8327499999999,1266.6404249999998,0.95,0.5602242885648341,0.4376146228594954,0.6951002131558922,0.95
24,back-two,edge-two,-447.34799999999996,-653.8955875,-237.09481250000022,0.9972222222222222,-447.34799999999996,-581.027375,-308.9651749999999,0.95,-0.23708658057985377,-0.2956270690468292,-0.17147576327014039,0.95
24,back-center,edge-two,-947.469,-1131.8094125,-761.7131625000002,0.9972222222222222,-947.469,-1069.4606500000002,-824.0075500000002,0.95,-0.5021419239952196,-0.5438043338813905,-0.45559606974564437,0.95
