cohort,tile_thickness_mm,logical_task_id,events,G,D,localD,tile_edep_mev,steel_edep_mev,electron_tile_edep_mev,proton_tile_edep_mev,other_charged_tile_edep_mev,neutral_tile_edep_mev,charged_tile_entry_count,charged_tile_entry_ke_mev,primary_neutron_elastic_count,primary_neutron_inelastic_count,primary_neutron_capture_count,local_collection,localD_zero_events,localD_maximum
old,4,stack-pilot-t04-b000,100,57330.11,1109.31,1109.31,9.069952912663547,536.953558307475,0.7619146875650509,6.363192742045837,1.7938487241286025,0.15099675892405537,1.86,441.7450827573832,0.47,0.98,0.0,0.019349518080464177,3,6688
old,4,stack-pilot-t04-b001,100,44168.11,855.72,855.72,6.228497792101279,497.72478651092837,0.7194662084558361,4.768996255138023,0.6226431506176356,0.11739217788977988,1.98,555.626463028996,0.47,0.9,0.0,0.01937415931992562,10,4448
old,4,stack-pilot-t04-b002,100,51599.54,968.85,968.85,7.934277402457859,525.165561101267,0.7744591180258483,5.166691040513694,1.8655825512351802,0.1275446926831295,1.98,441.7401654677233,0.56,0.89,0.0,0.018776330176586847,10,5706
old,4,stack-pilot-t04-b003,100,46558.78,903.47,903.47,7.468884614444138,557.9198576701089,1.0486443650639277,4.634772697544899,1.6576003390251637,0.12786721281015112,2.16,496.9707900373279,0.35,0.95,0.0,0.019404932861213288,4,4614
old,4,stack-production-t04-b004,100,54706.44,1044.92,1044.92,8.05629727548953,487.6619620090358,1.300332058647813,4.263173837861387,2.3586381348192575,0.13415324416107008,2.3,496.2513591537255,0.48,0.93,0.0,0.019100493470238605,7,9587
old,4,stack-production-t04-b005,100,38175.75,724.53,724.53,5.610528359014625,554.4601814642551,0.8409433643827013,3.77632639526134,0.8727107600149013,0.12054783935568239,1.79,435.8231913575124,0.48,0.94,0.0,0.01897880198817312,6,3326
old,8,stack-pilot-t08-b000,100,102517.39,1507.49,1507.49,14.761969877658522,568.4778330569912,2.0695041137831294,10.49470635348098,2.00057219611495,0.1971872142794577,2.42,506.9647641785204,0.45,0.95,0.0,0.01470472473011652,4,7043
old,8,stack-pilot-t08-b001,100,88298.1,1300.09,1300.09,12.230187772930693,533.0714063925304,1.7208537541078086,8.461706347596095,1.8237188771003037,0.22390879412648412,2.21,642.3488027357225,0.49,0.93,0.0,0.01472387288061691,6,5664
old,8,stack-pilot-t08-b002,100,106220.95,1556.94,1556.94,14.853035848428709,521.5294457984056,1.4654913936788025,10.547160239013179,2.657137005544375,0.18324721019235451,2.08,401.949602132889,0.59,0.93,0.0,0.014657560490656505,6,7311
old,8,stack-pilot-t08-b003,100,79564.34,1174.78,1174.78,11.067830941308882,507.8421700296999,1.8419124154492834,7.659858063461177,1.3943949871056167,0.17166547529280848,2.15,578.8207414420383,0.46,0.92,0.0,0.014765157355669637,7,4336
old,12,stack-pilot-t12-b000,100,133118.98,1636.06,1636.06,19.175899859242477,485.99440379014925,2.25144163563456,13.239976609255669,3.4476622381505377,0.23681937620169624,1.97,495.7486197640645,0.48,0.86,0.0,0.01229020835345944,6,10189
old,12,stack-pilot-t12-b001,100,121206.99,1494.28,1494.28,17.84523823318726,540.1481684719882,1.9680742394486577,11.116133684854399,4.505213075361718,0.2558172335224908,2.06,458.32183845898544,0.51,0.96,0.0,0.012328331889109695,3,12501
old,12,stack-pilot-t12-b002,100,108724.75,1330.73,1330.73,15.223964337683219,498.44198141671404,2.3156334091643713,10.07011678087564,2.5988202842707375,0.23939386337247093,1.83,382.6609038429849,0.63,0.92,0.0,0.012239439502045302,6,5431
old,12,stack-pilot-t12-b003,100,121214.21,1491.41,1491.41,17.412533382910524,537.3871125198108,1.8111087635656395,12.028437474922804,3.3223978713185933,0.25058927310347223,1.93,396.5351669308925,0.49,0.94,0.0,0.012303920472690454,3,7690
old,12,stack-production-t12-b004,100,134949.34,1675.42,1675.42,18.189131307536908,527.3077474160942,2.958974979136249,11.887984662401331,3.0574690027064007,0.28470266329291377,2.43,612.6281607029767,0.35,0.94,0.0,0.012415177428804023,2,8954
old,12,stack-production-t12-b005,100,139219.64,1720.89,1720.89,20.025246934603942,526.7723652269054,3.0873697774736177,12.606531959482709,4.061271491782439,0.2700737058651647,1.96,318.64608775582775,0.46,0.91,0.0,0.012360971483621133,2,8712
old,16,stack-pilot-t16-b000,100,211410.28,2275.55,2275.55,30.011878010279734,506.0578959695379,2.666843945796337,20.65688838287178,6.402635538498884,0.28551014311268974,2.13,565.5269781004799,0.42,0.82,0.0,0.01076366768919657,6,13298
old,16,stack-pilot-t16-b001,100,151518.12,1618.81,1618.81,21.199715323935326,514.9451827606385,1.888492011880747,15.352966824610446,3.6972713566789936,0.26098513076512037,1.72,473.78439602383935,0.57,0.92,0.0,0.01068393668031256,4,9386
old,16,stack-pilot-t16-b002,100,163804.45,1766.77,1766.77,23.34069512418033,484.90934430287075,2.7784963299325836,16.28655115406666,4.0119878701414,0.26365977003967467,1.85,408.7306923831176,0.4,0.88,0.0,0.010785848614002854,6,10316
old,16,stack-pilot-t16-b003,100,201995.62,2162.92,2162.92,26.27586710944952,520.4164797891949,2.932301795320151,19.56149966230277,3.507805215427894,0.2742604363987063,2.36,609.9185735829393,0.53,0.9,0.0,0.010707756930571069,3,13193
old,20,stack-pilot-t20-b000,100,164570.79,1562.24,1562.24,25.361103142973544,471.69636119336917,2.9598713231935454,15.34799223446546,6.779543238446918,0.27369634686758565,1.55,333.85142659874896,0.34,0.81,0.0,0.009492814611876142,8,8808
old,20,stack-pilot-t20-b001,100,148504.51,1404.17,1404.17,20.53699823261814,461.80079771679783,3.2060474608435414,14.790063955563696,2.2584277485377946,0.28245906767311213,1.75,449.24032318306286,0.53,0.96,0.0,0.00945540307159695,3,6717
old,20,stack-pilot-t20-b002,100,206924.56,1995.56,1995.56,28.300395883896236,501.3756034777631,3.2979132286433974,20.251723342862164,4.436880415483085,0.31387889690763365,1.94,418.6979735552124,0.46,0.84,0.0,0.00964390113962306,8,8729
old,20,stack-pilot-t20-b003,100,190429.24,1811.56,1811.56,28.09050235197878,488.36540203388694,3.0511267575990826,19.198849732230958,5.546428948295766,0.29409691385297054,1.59,290.61268787901344,0.47,0.83,0.0,0.009513034867964605,6,11005
old,20,stack-production-t20-b004,100,193070.94,1826.55,1826.55,25.513881169702586,519.460835112458,3.6529669353383816,17.861940327752645,3.7200897099375987,0.27888419667392184,2.02,506.52211869007334,0.49,0.87,0.0,0.009460512286313,7,6425
old,20,stack-production-t20-b005,100,177519.55,1672.49,1672.49,24.91841442305722,486.7452815455271,3.735364745979023,17.69769520226545,3.2159112866101514,0.2694431882026043,1.79,410.4225229655751,0.47,0.9,0.0,0.009421441187745237,4,6889
old,24,stack-pilot-t24-b000,100,230386.41,1946.97,1946.97,33.120813034191244,464.3972941563125,3.205073183764526,23.07258182643595,6.535419726316364,0.30773829767441163,1.81,420.8478238163519,0.49,0.82,0.0,0.008450889095411487,6,8406
old,24,stack-pilot-t24-b001,100,224481.45,1923.48,1923.48,31.01618969678448,484.088374853546,2.6769507183479355,23.265949176559555,4.763963484913411,0.3093263169635725,1.81,510.8275018083882,0.37,0.92,0.0,0.008568547646141808,3,7356
old,24,stack-pilot-t24-b002,100,220117.79,1875.45,1875.45,30.72229363740985,492.20299615714595,3.1558667638495455,23.142030492372957,4.068841606437747,0.35555477474959857,1.72,362.950104365322,0.4,0.91,0.0,0.00852021092888494,1,9026
old,24,stack-pilot-t24-b003,100,199202.84,1689.64,1689.64,28.837413997993085,466.72198753132886,4.008275524919541,18.563185470602754,5.938277514787803,0.32767548768303284,1.77,392.8236147336772,0.47,0.83,0.0,0.008482007585835623,5,11641
current_edge_two,4,t04-edge-two-b00,100,46591.76,891.8,891.8,6.743580409906801,504.8428689913632,0.7726209651179273,4.687436588586934,1.1683788391831746,0.11514401701876689,2.14,513.7922335010658,0.58,0.93,0.0,0.01914072359576028,9,4722
current_edge_two,4,t04-edge-two-b01,100,46851.71,915.99,915.99,7.250196593380152,516.9936343208669,0.9757886171747159,4.415615912732312,1.729954272239567,0.12883779123355876,2.03,429.438858508393,0.34,0.94,0.0,0.019550833896991165,6,3877
current_edge_two,4,t04-edge-two-b02,100,49196.13,952.15,952.15,7.43395917029337,541.3652214501486,1.0517946612290903,4.760370925721139,1.4952921755281188,0.12650140781502117,2.11,411.0086884098235,0.36,0.96,0.0,0.019354164646690705,2,3431
current_edge_two,4,t04-edge-two-b03,100,50130.44,980.97,980.97,7.960132995997302,511.11986234149117,0.8670484566419785,5.362511673344195,1.5925068488157461,0.13806601719538675,2.11,558.2478736252957,0.43,0.91,0.0,0.01956835008828967,9,9125
current_edge_two,4,t04-edge-two-b04,100,59496.83,1149.46,1149.46,8.22895691634787,484.9141689419186,0.9861577205438711,5.908926557890048,1.1977447206180307,0.13612791729592247,2.15,438.7442949658257,0.61,0.9,0.0,0.019319684763036957,8,8211
current_edge_two,4,t04-edge-two-b05,100,46486.94,889.29,889.29,7.21450260101165,509.58540694240384,1.1189477049129837,4.519151088401674,1.4558871860735116,0.12051662162348067,2.16,513.1119236951016,0.4,0.93,0.0,0.019129888953757765,10,7192
current_edge_two,4,t04-edge-two-b06,100,48167.87,914.09,914.09,7.383379631284958,501.8060478778558,1.0813709980107051,4.640590638687122,1.5421533518047852,0.1192646427823461,1.96,342.4488571814379,0.53,0.95,0.0,0.018977172957824376,6,3855
current_edge_two,4,t04-edge-two-b07,100,49397.27,943.19,943.19,7.434073790323795,481.3257553080665,0.8015703918545397,5.0742706793823995,1.450352802092006,0.10787991699484815,2.17,559.352788242991,0.55,0.93,0.0,0.019093970172845583,7,4115
current_edge_two,4,t04-edge-two-b08,100,58140.97,1121.82,1121.82,8.615833572832,515.5024890760432,0.990461543806694,5.832178662796596,1.6751845036857032,0.1180088625430055,2.27,499.3612590543256,0.44,0.91,0.0,0.0192948277264724,6,5561
current_edge_two,4,t04-edge-two-b09,100,47236.78,900.15,900.15,7.349718361273902,464.6041756733291,0.9079701316032107,4.187120398184579,2.1578811703971286,0.09674666108898393,1.89,441.50577889906015,0.72,0.83,0.0,0.01905612533284445,16,9196
current_edge_two,8,t08-edge-two-b00,100,95296.89,1407.17,1407.17,13.738784087987014,505.30253234412237,1.3335978006611326,9.41579863688497,2.7825103772745803,0.20687727316631593,2.01,418.34811762538806,0.41,0.96,0.0,0.014766169179288012,4,10794
current_edge_two,8,t08-edge-two-b01,100,80003.55,1190.53,1190.53,11.428512856211801,538.7807732522962,1.7932703504801553,7.203697392324885,2.2423734692649866,0.18917164414177415,2.08,453.67058332512556,0.51,0.93,0.0,0.014880964657193336,6,5947
current_edge_two,8,t08-edge-two-b02,100,84459.82,1260.71,1260.71,12.879496079993505,492.0865925446375,1.4481690786465584,8.183219360612233,3.0698362072877825,0.17827143344693766,2.0,467.49749000868417,0.41,0.89,0.0,0.014926742680720844,5,5809
current_edge_two,8,t08-edge-two-b03,100,88736.97,1288.62,1288.62,13.788570659113484,516.2587770712912,1.2482457210492834,9.969737004971758,2.364790041554626,0.20579789153779524,1.91,472.27231293704665,0.42,0.94,0.0,0.014521794016631399,6,8895
current_edge_two,8,t08-edge-two-b04,100,93266.2,1372.08,1372.08,13.779725374758835,495.9786634376752,1.613211649246457,8.858582417701466,3.1210925701212773,0.18683873768963596,1.92,423.5125551107277,0.43,0.87,0.0,0.014711438870673405,7,8395
current_edge_two,8,t08-edge-two-b05,100,85748.84,1288.41,1288.41,13.802181737986862,485.7280814045888,1.4147034952928923,7.994057565874641,4.224379263676889,0.16904141314243457,1.8,412.67495336775755,0.54,0.86,0.0,0.015025392763330677,11,6371
current_edge_two,8,t08-edge-two-b06,100,86383.91,1262.88,1262.88,11.816606136621385,524.2330664119486,1.4546209440991995,7.8032369026376625,2.362862669982071,0.19588561990245712,2.19,544.7237696356738,0.43,0.96,0.0,0.014619389189491423,5,4438
current_edge_two,8,t08-edge-two-b07,100,105992.87,1586.98,1586.98,15.476123999600686,530.9739147740623,1.8591393328978827,10.2528876018341,3.171317490570179,0.19277957429851333,2.19,491.5947533138974,0.47,0.9,0.0,0.014972516547575324,5,7992
current_edge_two,8,t08-edge-two-b08,100,80398.89,1189.29,1189.29,11.373941933498626,515.9079974156499,1.2809870039691682,7.705584457633741,2.214220327523965,0.17315014437176401,1.88,446.86871150646766,0.62,0.9,0.0,0.014792368402101073,10,5640
current_edge_two,8,t08-edge-two-b09,100,95841.64,1418.67,1418.67,13.609574559532495,513.8860388464294,1.952533036910502,9.38336207184131,2.0972446519665264,0.1764347988141516,2.24,409.4411337823647,0.5,0.9,0.0,0.014802230011923836,9,6091
current_edge_two,12,t12-edge-two-b00,100,120194.21,1498.29,1498.29,16.28840160827771,490.9946526521967,2.3844885410494885,11.106240263260165,2.5910901871632235,0.20658261680483228,2.28,527.3182801055941,0.34,0.9,0.0,0.01246557550484337,10,5500
current_edge_two,12,t12-edge-two-b01,100,130133.81,1620.97,1620.97,18.133117172390076,487.03469438670896,3.366842725813494,11.598016611347006,2.927065802614484,0.24119203261509,2.26,402.48940822676457,0.64,0.87,0.0,0.012456178759386203,11,7597
current_edge_two,12,t12-edge-two-b02,100,113594.11,1398.23,1398.23,15.91282625234167,482.49085784986664,1.3191324252298444,11.105021136279639,3.2678311157890425,0.22084157504313892,1.51,310.4401562363333,0.34,0.92,0.0,0.012309000880415366,8,7383
current_edge_two,12,t12-edge-two-b03,100,115420.74,1427.07,1427.07,15.708754635846333,498.7013141095359,2.6892984566368603,10.124938411291524,2.6896480328011916,0.20486973511675,2.19,508.13899706908813,0.51,0.87,0.0,0.012364069057259553,8,5483
current_edge_two,12,t12-edge-two-b04,100,123349.56,1523.09,1523.09,17.1682666109663,525.1571551648973,2.5081966094030976,12.119434657580884,2.2932453549216114,0.24738998906071033,1.97,464.80588292138304,0.42,0.94,0.0,0.012347753814444088,4,5714
current_edge_two,12,t12-edge-two-b05,100,138546.29,1712.42,1712.42,20.145808134449837,521.8654158740798,1.9452201061989558,13.982473742796623,3.949091212509794,0.26902307294443945,2.02,415.68184214080213,0.43,0.97,0.0,0.012359912344098134,3,6417
current_edge_two,12,t12-edge-two-b06,100,129693.21,1590.64,1590.64,19.14493719884622,539.9977908717048,2.685154032391328,12.092720294838584,4.099776688969265,0.26728618264703374,2.02,428.3111845859728,0.49,0.87,0.0,0.012264635904994563,5,8845
current_edge_two,12,t12-edge-two-b07,100,136828.3,1689.61,1689.61,20.948756073392346,494.6053395473049,2.087034563295698,14.190565425589098,4.442014356652479,0.22914172785508757,1.94,415.25667778195356,0.58,0.92,0.0,0.012348395763157183,5,10310
current_edge_two,12,t12-edge-two-b08,100,140236.61,1728.27,1728.27,19.48066633680573,523.3546721199799,2.467897212495701,13.292925582618395,3.456554359118592,0.2632891825730007,2.3,482.246056245504,0.63,0.93,0.0,0.012323957346088158,5,10998
current_edge_two,12,t12-edge-two-b09,100,131473.46,1620.47,1620.47,19.08007114748021,490.93363357256004,2.294847420107072,13.186410764476053,3.360579957922354,0.23823300497473737,2.1,508.6389428382959,0.45,0.87,0.0,0.012325453365264746,8,6328
current_edge_two,16,t16-edge-two-b00,100,168788.89,1792.35,1792.35,23.858007065983408,479.49353366201007,2.1375512480779646,16.718975988994167,4.722123221907076,0.2793566070041756,1.91,540.7761342924472,0.59,0.86,0.0,0.010618886112705641,9,6641
current_edge_two,16,t16-edge-two-b01,100,142740.01,1529.65,1529.65,20.0018720581598,472.77131147155126,2.1437712375907707,14.244659205408588,3.3524452139025884,0.26099640125787904,1.75,371.787817875765,0.45,0.89,0.0,0.010716336645906079,4,6510
current_edge_two,16,t16-edge-two-b02,100,157282.27,1678.07,1678.07,22.53042685718927,476.8464875783572,2.2478719381003396,15.229494867660238,4.779519061356476,0.27354099007219107,1.81,437.85210151137494,0.45,0.86,0.0,0.010669161883281568,8,10236
current_edge_two,16,t16-edge-two-b03,100,156149.49,1664.67,1664.67,21.268436115240227,472.6446970167419,2.440343613179551,14.855349676626151,3.7120205461091604,0.26072227932535197,1.89,432.3562014122553,0.51,0.87,0.0,0.01066074567390518,6,9244
current_edge_two,16,t16-edge-two-b04,100,144702.76,1530.72,1530.72,19.796578626873806,490.3353710508682,2.3436108989196587,13.74253602296301,3.475666847331735,0.23476485765943422,1.88,510.0410976585527,0.52,0.87,0.0,0.010578374593546108,6,8016
current_edge_two,16,t16-edge-two-b05,100,163245.21,1751.77,1751.77,22.365925851736197,508.9000831165933,4.200805070000518,14.671733400364092,3.23053400183916,0.26285337953243787,2.17,423.4928320337253,0.43,0.95,0.0,0.01073091210455731,4,9508
current_edge_two,16,t16-edge-two-b06,100,156464.43,1678.21,1678.21,21.63178680074845,493.9804155671256,2.9260174041456883,13.655541237188451,4.773010577870723,0.2772175815435833,1.91,370.04200268638255,0.55,0.88,0.0,0.010725824393442012,8,6451
current_edge_two,16,t16-edge-two-b07,100,145069.97,1546.26,1546.26,19.842477336221574,487.0349306967602,2.5198693201350846,14.650913085494489,2.432263341895893,0.23943158869612638,1.9,486.9372742023989,0.45,0.88,0.0,0.010658718685886541,7,7152
current_edge_two,16,t16-edge-two-b08,100,151786.95,1616.23,1616.23,21.2015334594149,491.6264078223244,2.276701879245268,15.504918500173265,3.1545534184395927,0.26535966155678126,1.77,412.39160571876687,0.5,0.93,0.0,0.010648016842027591,5,10121
current_edge_two,16,t16-edge-two-b09,100,156389.58,1684.69,1684.69,22.839651224689405,504.76232349997457,1.810344910846904,16.61409214583676,4.161411419758843,0.2538027482469289,1.65,464.70765480367646,0.47,0.83,0.0,0.010772392892160719,7,7912
current_edge_two,20,t20-edge-two-b00,100,219493.79,2073.82,2073.82,29.41270550350368,505.4993420020048,3.513326853927661,21.252255888966694,4.358589843484546,0.28853291712480444,2.0,408.6808025879862,0.64,0.89,0.0,0.009448194411331637,5,8227
current_edge_two,20,t20-edge-two-b01,100,178033.82,1680.12,1680.12,25.32743861038988,444.92760885250306,1.822671911635587,19.33918676758305,3.8925969559518006,0.27298297521945913,1.62,455.3648464243855,0.54,0.87,0.0,0.009437083358656237,9,9124
current_edge_two,20,t20-edge-two-b02,100,188568.67,1802.75,1802.75,27.351006548800846,487.6671275689391,3.40170478222669,18.741175151206573,4.8951731534308935,0.31295346193668017,1.87,375.693592460055,0.34,0.89,0.0,0.009560177732600013,3,10051
current_edge_two,20,t20-edge-two-b03,100,193736.81,1840.16,1840.16,26.879548776459405,463.37233541931874,2.5497060798321263,20.555870137313487,3.477574161212492,0.2963983981012833,1.99,447.6526142680779,0.56,0.89,0.0,0.009498246616118021,10,11492
current_edge_two,20,t20-edge-two-b04,100,199974.52,1890.35,1890.35,27.89189849423109,437.9527925500507,2.9950743166118303,19.722066262238656,4.879602609750584,0.295155305630041,1.9,450.6071697738809,0.69,0.83,0.0,0.009452954306378632,13,9048
current_edge_two,20,t20-edge-two-b05,100,185081.51,1751.05,1751.05,26.495365725462797,532.8214102028923,3.5807125598091574,16.540193250531924,6.0814672364461035,0.2929926786755879,1.81,383.4983668123393,0.42,0.85,0.0,0.00946096668435437,2,9440
current_edge_two,20,t20-edge-two-b06,100,192129.45,1813.22,1813.22,27.42422062106858,491.0608780983745,3.5768787172339427,18.990745438475784,4.588391445581898,0.26820501977694156,1.79,377.3092602530055,0.37,0.8,0.0,0.009437491233124333,4,7299
current_edge_two,20,t20-edge-two-b07,100,193152.97,1834.01,1834.01,27.05920714219458,537.435738666472,3.6404761349654358,18.553649638570974,4.559788807773911,0.3052925608843015,2.18,561.0096877744543,0.47,0.92,0.0,0.00949511674606919,2,7923
current_edge_two,20,t20-edge-two-b08,100,214025.89,2048.0,2048.0,29.146405926710855,496.0438721530434,3.331369600813949,20.273977601828456,5.241305325406098,0.29975339866235534,2.07,536.3999911027043,0.51,0.89,0.0,0.009568935795571274,5,7017
current_edge_two,20,t20-edge-two-b09,100,170497.58,1645.05,1645.05,24.238058743088317,487.9519573150981,2.949144268399505,16.868236346285535,4.160559887102539,0.260118241300739,1.76,369.51334731006665,0.44,0.89,0.0,0.00964852404356707,5,7398
current_edge_two,24,t24-edge-two-b00,100,220472.0,1899.25,1899.25,30.455388839934102,453.5609914313456,3.054360691880328,22.214325725506097,4.848864282604919,0.3378381399427592,1.81,495.4801303878739,0.39,0.92,0.0,0.008614472586088029,5,10451
current_edge_two,24,t24-edge-two-b01,100,208611.67,1776.77,1776.77,28.083022219836124,494.94780230573093,3.6146862612610033,19.74190981679768,4.429168806429791,0.2972573353477363,1.95,460.9035781341702,0.6,0.85,0.0,0.008517116995420246,4,7336
current_edge_two,24,t24-edge-two-b02,100,215262.51,1837.36,1837.36,29.588439005633372,496.99352154960746,4.120033796768725,20.541424402221796,4.614135859363516,0.31284494727931217,2.05,500.47621847725384,0.44,0.86,0.0,0.008535438892726838,9,6205
current_edge_two,24,t24-edge-two-b03,100,252627.97,2169.51,2169.51,35.34143725191419,490.51695954794525,4.082319100114465,23.350847221712616,7.577234187638121,0.3310367424489169,1.92,386.30756275910994,0.45,0.89,0.0,0.008587766429821685,1,10709
current_edge_two,24,t24-edge-two-b04,100,224532.67,1922.52,1922.52,31.609568157983816,492.7093618685394,4.965899711560928,20.25484659569913,6.087581731584151,0.30124011913958865,2.11,449.60076595410794,0.58,0.8,0.0,0.00856231745696517,5,7671
current_edge_two,24,t24-edge-two-b05,100,192276.66,1641.97,1641.97,28.129493892753718,504.7104679959928,3.1774717341720344,18.33591910465424,6.27611793057669,0.3399851233508028,1.61,320.08481233291485,0.47,0.9,0.0,0.008539622021726402,4,6788
current_edge_two,24,t24-edge-two-b06,100,226395.79,1918.01,1918.01,30.443597119362316,514.6685896362492,4.383321694421211,19.93368772507755,5.77244196239662,0.3541457374669386,1.95,384.51337752006873,0.5,0.84,0.0,0.008471933157414279,8,6972
current_edge_two,24,t24-edge-two-b07,100,213425.68,1814.81,1814.81,29.425711875115248,507.966284662115,3.7034761083987884,20.688036504216214,4.708134133678675,0.32606512882157984,1.94,492.10440412256116,0.33,0.9,0.0,0.008503241034537175,4,6199
current_edge_two,24,t24-edge-two-b08,100,215662.16,1834.07,1834.07,29.561404405044993,478.5207079145891,3.3447288743353805,21.158146649020274,4.773436355946956,0.2850925257423646,1.63,329.0568850083038,0.43,0.81,0.0,0.008504366273619814,7,11323
current_edge_two,24,t24-edge-two-b09,100,237422.74,2054.28,2054.28,31.790951091051593,493.7037808219982,4.196821597974295,21.257452499108197,6.026885361845669,0.30979163212344796,2.04,388.25359029211353,0.39,0.88,0.0,0.008652414676033138,4,7749
